Workbook
Name benefit_frequency: 'User Input'!$E$17
Name benefit_payment_duration: 'User Input'!$E$18
Name current_age: 'User Input'!$C$9
Name gender_mortality: 'User Input'!$C$10
Name interest_rate: 'User Input'!$E$9
Name mortality_table: 'User Input'!$E$20
Name net_single_premium: 'User Input'!$C$18
Name policy_type: 'User Input'!$E$11
Name premium_frequency: 'User Input'!$E$13
Name premium_payment_period: 'User Input'!$E$14
Name premium_payment_term: 'User Input'!$E$15
Name region_mortality: 'User Input'!$C$11
Name sum_assured: 'User Input'!$E$10
Name term_of_coverage: 'User Input'!$E$12
Name test: _xlfn._xlws.FILTER(MortalityInfo[name],MortalityInfo[name]<>"")

Sheet User Input
B3: LIFE INSURANCE PRODUCT CALCULATOR
B6: Instructions: input desired values ONLY in yellow cells. Orange cells represent fixed or output values.
B8: POLICYHOLDER INPUTS | D8: PRODUCT INPUTS
B9: Current Age (Age at last birthday) | C9: 0 | D9: Annual Eff. Interest Rate | E9: 0.05
B10: Gender | C10: Male | D10: Sum Assured | E10: 100000
B11: Country/Region | C11: UK | D11: Policy Type | E11: Whole Life
D12: Term of Coverage | E12: 25
D13: Premium Frequency | E13: Monthly
D14: Premium Payment Period | E14: While alive
D15: Premium Payment Term (in years) | E15: 26
D16: Premium Payment Timing | E16: Beginning of period
B17: OUTPUTS | D17: Benefit Frequency | E17: Single
B18: Net Single Premium | C18: =_xlfn.XLOOKUP(policy_type,'EPV Benefits Calculation'!$J$8:$M$8,'EPV Benefits Calculation'!$J$130:$M$130,,0) -> 3289.8545 | D18: Benefit Payments Duration (in years) | E18: 5
B19: Level Premium Amount | C19: {=_xlfn.IFS(premium_frequency="Single","Not applicable",AND(policy_type="Whole Life",premium_payment_period="While alive"),net_single_premium/'Premium Annuity Calculation'!$I$4,TRUE,net_single_premium/'Premium Annuity Calculation'!$I$5)} -> 13.816789 | D19: Benefit Payment Timing | E19: End of year of death
B20: Level Benefit Amount | C20: =IF(benefit_frequency="Single","Not applicable",sum_assured/'Benefit Annuity Calculation'!$I$5) -> Not applicable | D20: Mortality Table (Filtered based on gender and country selection) | E20: AM92 Ultimate

Sheet Mortality Tables
B2: This sheet contains all mortality tables available for use in this workbook. All values represent tqx and are taken from https://mort.soa.org
B3: Age (x) | C3: AM92 Ultimate | D3: TM92 Ultimate | E3: AF92 Ultimate | F3: TF92 Ultimate | G3: Buffer Column
B4: 0 | C4: 0.003599 | D4: 0.003599 | E4: 0.002615 | F4: 0.002615
B5: 1 | C5: 0.00062 | D5: 0.00062 | E5: 0.00055 | F5: 0.00055
B6: 2 | C6: 0.000375 | D6: 0.000383 | E6: 0.000292 | F6: 0.000295
B7: 3 | C7: 0.000293 | D7: 0.000305 | E7: 0.000208 | F7: 0.000213
B8: 4 | C8: 0.000231 | D8: 0.000246 | E8: 0.000165 | F8: 0.000171
B9: 5 | C9: 0.000209 | D9: 0.000227 | E9: 0.000142 | F9: 0.000149
B10: 6 | C10: 0.000188 | D10: 0.000208 | E10: 0.000129 | F10: 0.000137
B11: 7 | C11: 0.000176 | D11: 0.000199 | E11: 0.000117 | F11: 0.000126
B12: 8 | C12: 0.000164 | D12: 0.00019 | E12: 0.000113 | F12: 0.000124
B13: 9 | C13: 0.000162 | D13: 0.000192 | E13: 0.000101 | F13: 0.000113
B14: 10 | C14: 0.00016 | D14: 0.000193 | E14: 0.000101 | F14: 0.00011
B15: 11 | C15: 0.000158 | D15: 0.000194 | E15: 0.000101 | F15: 0.000117
... B124: 120 | C124: 1 | D124: 1 | E124: 1 | F124: 1

Sheet Relationships
B2: This sheet contains information or numerical values for mortality table choices and premium or benefit frequencies, as well as serving as the source of valid values for dynamic dropdowns.
B3: Mortality Table Information | H3: Frequencies
B4: no. | C4: name | D4: region | E4: gender | H4: no. | I4: frequency | J4: periods per year
B5: 1 | C5: AM92 Ultimate | D5: UK | E5: Male | H5: 1 | I5: Single | J5: 0
B6: 2 | C6: TM92 Ultimate | D6: UK | E6: Male | H6: 2 | I6: Annual | J6: 1
B7: 3 | C7: AF92 Ultimate | D7: UK | E7: Female | H7: 3 | I7: Semi-annual | J7: 2
B8: 4 | C8: TF92 Ultimate | D8: UK | E8: Female | H8: 4 | I8: Quarterly | J8: 4
B9: 5 | H9: 5 | I9: Monthly | J9: 12
B10: 6
B11: 7
B12: 8 | H12: Policy Types
B13: 9 | H13: no. | I13: type
B14: 10 | H14: 1 | I14: Whole Life
B15: 11 | H15: 2 | I15: Term
B16: 12 | H16: 3 | I16: Endowment
B17: 13 | H17: 4 | I17: Pure Endowment
B18: 14 | H18: 5
B19: 15
B20: 16
B21: 17
B22: 18

Sheet Lists
B2: This sheet contains lists for dropdowns with dynamic options.
B3: Mortality Tables | C3: Genders | D3: Countries/Regions | E3: Filtered Mortality Tables | F3: Frequencies | G3: Products | H3: Premium Period
B4: {=_xlfn._xlws.SORT(_xlfn.UNIQUE(_xlfn._xlws.FILTER(MortalityInfo[name],MortalityInfo[name]<>"")))} -> AF92 Ultimate | C4: {=_xlfn._xlws.SORT(_xlfn.UNIQUE(_xlfn._xlws.FILTER(MortalityInfo[gender],MortalityInfo[gender]<>"")))} -> Female | D4: {=_xlfn._xlws.SORT(_xlfn.UNIQUE(_xlfn._xlws.FILTER(MortalityInfo[region],MortalityInfo[region]<>"")))} -> UK | E4: {=_xlfn._xlws.SORT(_xlfn.UNIQUE(_xlfn._xlws.FILTER(MortalityInfo[name],(MortalityInfo[region]='User Input'!$C$11)*(MortalityInfo[gender]='User Input'!$C$10))))} -> AM92 Ultimate | F4: {=_xlfn.UNIQUE(_xlfn._xlws.FILTER(Frequencies[frequency],Frequencies[frequency]<>""))} -> Single | G4: {=_xlfn.UNIQUE(_xlfn._xlws.FILTER(PolicyTypes[type],PolicyTypes[type]<>""))} -> Whole Life | H4: {=IF('User Input'!$E$11="Whole Life",{"While alive";"Limited term"},"Limited term")} -> While alive
B5: AM92 Ultimate | C5: Male | E5: TM92 Ultimate | F5: Annual | G5: Term | H5: Limited term
B6: TF92 Ultimate | F6: Semi-annual | G6: Endowment
B7: TM92 Ultimate | F7: Quarterly | G7: Pure Endowment
F8: Monthly

Sheet EPV Benefits Calculation
B2: This sheet contains the calculations for expected present value (EPV) of future benefits for the different policy types. Under principle of equivalence, this will be set to equal the EPV of future premiums.
B3: VALUES
B4: Current age (x) | C4: =current_age -> 0 | E4: Max. age | F4: =_xlfn.MAXIFS('Mortality Tables'!$B$4:$B$124,_xlfn.XLOOKUP(mortality_table,'Mortality Tables'!$B$3:$G$3,'Mortality Tables'!$B$4:$G$124,0,0),">0") -> 120
B5: Table | C5: =mortality_table -> AM92 Ultimate | E5: Term | F5: =term_of_coverage -> 25
B7: t | C7: x+t | D7: qx+t | E7: px+t | F7: tpx | G7: t|qx | H7: vt+1 | I7: Sum Assured | J7: Present Value
J8: Whole Life | K8: Pure Endowment | L8: Term | M8: Endowment
B9: =0 -> 0 | C9: =IF($C$4+B9<=$F$4,$C$4+B9) -> 0 | D9: {=_xlfn.XLOOKUP(C9,'Mortality Tables'!$B$4:$B$124,_xlfn.XLOOKUP(mortality_table,'Mortality Tables'!$B$3:$G$3,'Mortality Tables'!$B$4:$G$124,0,0),0,0)} -> 0.003599 | E9: =1-D9 -> 0.996401 | F9: 1 | G9: =D9*F9 -> 0.003599 | H9: =(1+interest_rate)^-(B9+1) -> 0.95238095 | I9: =sum_assured -> 100000 | J9: =_xlfn.IFNA(PRODUCT(G9:I9),0) -> 342.7619 | K9: =IF(B9<>term_of_coverage,0,F9*H9*I9*(1+interest_rate)) -> 0 | L9: =IF(B9<term_of_coverage,PRODUCT(G9:I9),0) -> 342.7619 | M9: =K9+L9 -> 342.7619
B10: =B9+1 -> 1 | C10: =IF($C$4+B10<=$F$4,$C$4+B10) -> 1 | D10: {=_xlfn.XLOOKUP(C10,'Mortality Tables'!$B$4:$B$124,_xlfn.XLOOKUP(mortality_table,'Mortality Tables'!$B$3:$G$3,'Mortality Tables'!$B$4:$G$124,0,0),0,0)} -> 0.00062 | E10: =1-D10 -> 0.99938 | F10: =E9*F9 -> 0.996401 | G10: =D10*F10 -> 0.00061776862 | H10: =(1+interest_rate)^-(B10+1) -> 0.90702948 | I10: =sum_assured -> 100000 | J10: =_xlfn.IFNA(PRODUCT(G10:I10),0) -> 56.033435 | K10: =IF(B10<>term_of_coverage,0,F10*H10*I10*(1+interest_rate)) -> 0 | L10: =IF(B10<term_of_coverage,PRODUCT(G10:I10),0) -> 56.033435 | M10: =K10+L10 -> 56.033435
B11: =B10+1 -> 2 | C11: =IF($C$4+B11<=$F$4,$C$4+B11) -> 2 | D11: {=_xlfn.XLOOKUP(C11,'Mortality Tables'!$B$4:$B$124,_xlfn.XLOOKUP(mortality_table,'Mortality Tables'!$B$3:$G$3,'Mortality Tables'!$B$4:$G$124,0,0),0,0)} -> 0.000375 | E11: =1-D11 -> 0.999625 | F11: =E10*F10 -> 0.99578323 | G11: =D11*F11 -> 0.00037341871 | H11: =(1+interest_rate)^-(B11+1) -> 0.8638376 | I11: =sum_assured -> 100000 | J11: =_xlfn.IFNA(PRODUCT(G11:I11),0) -> 32.257312 | K11: =IF(B11<>term_of_coverage,0,F11*H11*I11*(1+interest_rate)) -> 0 | L11: =IF(B11<term_of_coverage,PRODUCT(G11:I11),0) -> 32.257312 | M11: =K11+L11 -> 32.257312
B12: =B11+1 -> 3 | C12: =IF($C$4+B12<=$F$4,$C$4+B12) -> 3 | D12: {=_xlfn.XLOOKUP(C12,'Mortality Tables'!$B$4:$B$124,_xlfn.XLOOKUP(mortality_table,'Mortality Tables'!$B$3:$G$3,'Mortality Tables'!$B$4:$G$124,0,0),0,0)} -> 0.000293 | E12: =1-D12 -> 0.999707 | F12: =E11*F11 -> 0.99540981 | G12: =D12*F12 -> 0.00029165508 | H12: =(1+interest_rate)^-(B12+1) -> 0.82270247 | I12: =sum_assured -> 100000 | J12: =_xlfn.IFNA(PRODUCT(G12:I12),0) -> 23.994535 | K12: =IF(B12<>term_of_coverage,0,F12*H12*I12*(1+interest_rate)) -> 0 | L12: =IF(B12<term_of_coverage,PRODUCT(G12:I12),0) -> 23.994535 | M12: =K12+L12 -> 23.994535
B13: =B12+1 -> 4 | C13: =IF($C$4+B13<=$F$4,$C$4+B13) -> 4 | D13: {=_xlfn.XLOOKUP(C13,'Mortality Tables'!$B$4:$B$124,_xlfn.XLOOKUP(mortality_table,'Mortality Tables'!$B$3:$G$3,'Mortality Tables'!$B$4:$G$124,0,0),0,0)} -> 0.000231 | E13: =1-D13 -> 0.999769 | F13: =E12*F12 -> 0.99511816 | G13: =D13*F13 -> 0.00022987229 | H13: =(1+interest_rate)^-(B13+1) -> 0.78352617 | I13: =sum_assured -> 100000 | J13: =_xlfn.IFNA(PRODUCT(G13:I13),0) -> 18.011096 | K13: =IF(B13<>term_of_coverage,0,F13*H13*I13*(1+interest_rate)) -> 0 | L13: =IF(B13<term_of_coverage,PRODUCT(G13:I13),0) -> 18.011096 | M13: =K13+L13 -> 18.011096
B14: =B13+1 -> 5 | C14: =IF($C$4+B14<=$F$4,$C$4+B14) -> 5 | D14: {=_xlfn.XLOOKUP(C14,'Mortality Tables'!$B$4:$B$124,_xlfn.XLOOKUP(mortality_table,'Mortality Tables'!$B$3:$G$3,'Mortality Tables'!$B$4:$G$124,0,0),0,0)} -> 0.000209 | E14: =1-D14 -> 0.999791 | F14: =E13*F13 -> 0.99488829 | G14: =D14*F14 -> 0.00020793165 | H14: =(1+interest_rate)^-(B14+1) -> 0.7462154 | I14: =sum_assured -> 100000 | J14: =_xlfn.IFNA(PRODUCT(G14:I14),0) -> 15.51618 | K14: =IF(B14<>term_of_coverage,0,F14*H14*I14*(1+interest_rate)) -> 0 | L14: =IF(B14<term_of_coverage,PRODUCT(G14:I14),0) -> 15.51618 | M14: =K14+L14 -> 15.51618
B15: =B14+1 -> 6 | C15: =IF($C$4+B15<=$F$4,$C$4+B15) -> 6 | D15: {=_xlfn.XLOOKUP(C15,'Mortality Tables'!$B$4:$B$124,_xlfn.XLOOKUP(mortality_table,'Mortality Tables'!$B$3:$G$3,'Mortality Tables'!$B$4:$G$124,0,0),0,0)} -> 0.000188 | E15: =1-D15 -> 0.999812 | F15: =E14*F14 -> 0.99468035 | G15: =D15*F15 -> 0.00018699991 | H15: =(1+interest_rate)^-(B15+1) -> 0.71068133 | I15: =sum_assured -> 100000 | J15: =_xlfn.IFNA(PRODUCT(G15:I15),0) -> 13.289734 | K15: =IF(B15<>term_of_coverage,0,F15*H15*I15*(1+interest_rate)) -> 0 | L15: =IF(B15<term_of_coverage,PRODUCT(G15:I15),0) -> 13.289734 | M15: =K15+L15 -> 13.289734
B16: =B15+1 -> 7 | C16: =IF($C$4+B16<=$F$4,$C$4+B16) -> 7 | D16: {=_xlfn.XLOOKUP(C16,'Mortality Tables'!$B$4:$B$124,_xlfn.XLOOKUP(mortality_table,'Mortality Tables'!$B$3:$G$3,'Mortality Tables'!$B$4:$G$124,0,0),0,0)} -> 0.000176 | E16: =1-D16 -> 0.999824 | F16: =E15*F15 -> 0.99449335 | G16: =D16*F16 -> 0.00017503083 | H16: =(1+interest_rate)^-(B16+1) -> 0.67683936 | I16: =sum_assured -> 100000 | J16: =_xlfn.IFNA(PRODUCT(G16:I16),0) -> 11.846776 | K16: =IF(B16<>term_of_coverage,0,F16*H16*I16*(1+interest_rate)) -> 0 | L16: =IF(B16<term_of_coverage,PRODUCT(G16:I16),0) -> 11.846776 | M16: =K16+L16 -> 11.846776
B17: =B16+1 -> 8 | C17: =IF($C$4+B17<=$F$4,$C$4+B17) -> 8 | D17: {=_xlfn.XLOOKUP(C17,'Mortality Tables'!$B$4:$B$124,_xlfn.XLOOKUP(mortality_table,'Mortality Tables'!$B$3:$G$3,'Mortality Tables'!$B$4:$G$124,0,0),0,0)} -> 0.000164 | E17: =1-D17 -> 0.999836 | F17: =E16*F16 -> 0.99431832 | G17: =D17*F17 -> 0.0001630682 | H17: =(1+interest_rate)^-(B17+1) -> 0.64460892 | I17: =sum_assured -> 100000 | J17: =_xlfn.IFNA(PRODUCT(G17:I17),0) -> 10.511522 | K17: =IF(B17<>term_of_coverage,0,F17*H17*I17*(1+interest_rate)) -> 0 | L17: =IF(B17<term_of_coverage,PRODUCT(G17:I17),0) -> 10.511522 | M17: =K17+L17 -> 10.511522
B18: =B17+1 -> 9 | C18: =IF($C$4+B18<=$F$4,$C$4+B18) -> 9 | D18: {=_xlfn.XLOOKUP(C18,'Mortality Tables'!$B$4:$B$124,_xlfn.XLOOKUP(mortality_table,'Mortality Tables'!$B$3:$G$3,'Mortality Tables'!$B$4:$G$124,0,0),0,0)} -> 0.000162 | E18: =1-D18 -> 0.999838 | F18: =E17*F17 -> 0.99415525 | G18: =D18*F18 -> 0.00016105315 | H18: =(1+interest_rate)^-(B18+1) -> 0.61391325 | I18: =sum_assured -> 100000 | J18: =_xlfn.IFNA(PRODUCT(G18:I18),0) -> 9.8872664 | K18: =IF(B18<>term_of_coverage,0,F18*H18*I18*(1+interest_rate)) -> 0 | L18: =IF(B18<term_of_coverage,PRODUCT(G18:I18),0) -> 9.8872664 | M18: =K18+L18 -> 9.8872664
B19: =B18+1 -> 10 | C19: =IF($C$4+B19<=$F$4,$C$4+B19) -> 10 | D19: {=_xlfn.XLOOKUP(C19,'Mortality Tables'!$B$4:$B$124,_xlfn.XLOOKUP(mortality_table,'Mortality Tables'!$B$3:$G$3,'Mortality Tables'!$B$4:$G$124,0,0),0,0)} -> 0.00016 | E19: =1-D19 -> 0.99984 | F19: =E18*F18 -> 0.9939942 | G19: =D19*F19 -> 0.00015903907 | H19: =(1+interest_rate)^-(B19+1) -> 0.58467929 | I19: =sum_assured -> 100000 | J19: =_xlfn.IFNA(PRODUCT(G19:I19),0) -> 9.2986852 | K19: =IF(B19<>term_of_coverage,0,F19*H19*I19*(1+interest_rate)) -> 0 | L19: =IF(B19<term_of_coverage,PRODUCT(G19:I19),0) -> 9.2986852 | M19: =K19+L19 -> 9.2986852
B20: =B19+1 -> 11 | C20: =IF($C$4+B20<=$F$4,$C$4+B20) -> 11 | D20: {=_xlfn.XLOOKUP(C20,'Mortality Tables'!$B$4:$B$124,_xlfn.XLOOKUP(mortality_table,'Mortality Tables'!$B$3:$G$3,'Mortality Tables'!$B$4:$G$124,0,0),0,0)} -> 0.000158 | E20: =1-D20 -> 0.999842 | F20: =E19*F19 -> 0.99383516 | G20: =D20*F20 -> 0.00015702596 | H20: =(1+interest_rate)^-(B20+1) -> 0.55683742 | I20: =sum_assured -> 100000 | J20: =_xlfn.IFNA(PRODUCT(G20:I20),0) -> 8.7437928 | K20: =IF(B20<>term_of_coverage,0,F20*H20*I20*(1+interest_rate)) -> 0 | L20: =IF(B20<term_of_coverage,PRODUCT(G20:I20),0) -> 8.7437928 | M20: =K20+L20 -> 8.7437928
B21: =B20+1 -> 12 | C21: =IF($C$4+B21<=$F$4,$C$4+B21) -> 12 | D21: {=_xlfn.XLOOKUP(C21,'Mortality Tables'!$B$4:$B$124,_xlfn.XLOOKUP(mortality_table,'Mortality Tables'!$B$3:$G$3,'Mortality Tables'!$B$4:$G$124,0,0),0,0)} -> 0.000164 | E21: =1-D21 -> 0.999836 | F21: =E20*F20 -> 0.99367814 | G21: =D21*F21 -> 0.00016296321 | H21: =(1+interest_rate)^-(B21+1) -> 0.53032135 | I21: =sum_assured -> 100000 | J21: =_xlfn.IFNA(PRODUCT(G21:I21),0) -> 8.6422872 | K21: =IF(B21<>term_of_coverage,0,F21*H21*I21*(1+interest_rate)) -> 0 | L21: =IF(B21<term_of_coverage,PRODUCT(G21:I21),0) -> 8.6422872 | M21: =K21+L21 -> 8.6422872
... B129: =B128+1 -> 120 | C129: =IF($C$4+B129<=$F$4,$C$4+B129) -> 120 | D129: {=_xlfn.XLOOKUP(C129,'Mortality Tables'!$B$4:$B$124,_xlfn.XLOOKUP(mortality_table,'Mortality Tables'!$B$3:$G$3,'Mortality Tables'!$B$4:$G$124,0,0),0,0)} -> 1 | E129: =1-D129 -> 0 | F129: =E128*F128 -> 3.9653978e-11 | G129: =D129*F129 -> 3.9653978e-11 | H129: =(1+interest_rate)^-(B129+1) -> 0.0027295736 | I129: =sum_assured -> 100000 | J129: =_xlfn.IFNA(PRODUCT(G129:I129),0) -> 1.0823845e-08 | K129: =IF(B129<>term_of_coverage,0,F129*H129*I129*(1+interest_rate)) -> 0 | L129: =IF(B129<term_of_coverage,PRODUCT(G129:I129),0) -> 0 | M129: =K129+L129 -> 0
J130: =SUM(J9:J129) -> 3289.8545 | K130: =SUM(K9:K129) -> 29167.894 | L130: =SUM(L9:L129) -> 778.19484 | M130: =SUM(M9:M129) -> 29946.089

Sheet Premium Annuity Calculation
B2: This sheet calculates the corresponding annuity factor to find regular premium payment amount instead of a single premium at outset.
B3: VALUES | H3: OUTPUTS
B4: Current age (x) | C4: =current_age -> 0 | E4: Premium payments until (yrs) | F4: =premium_payment_term -> 26 | H4: Whole life annuity-due | I4: =SUM(I9:I1089) -> 238.10558
B5: Max. age | C5: =_xlfn.MAXIFS('Mortality Tables'!$B$4:$B$124,_xlfn.XLOOKUP(mortality_table,'Mortality Tables'!$B$3:$G$3,'Mortality Tables'!$B$4:$G$124,0,0),">0") -> 120 | E5: Period length of a year (k) | F5: =1/_xlfn.XLOOKUP(premium_frequency,Frequencies[frequency],Frequencies[periods per year],,0) -> 0.083333333 | H5: Temporary annuity-due | I5: {=SUM(_xlfn._xlws.FILTER(I9:I1089,B9:B1089<$F$4))} -> 176.30609
B8: t | C8: x+t | D8: qfloor(x+t) | E8: kqx+t | F8: kpx+t | G8: tpx | H8: vt | I8: Annuity Contribution
B9: 0 | C9: =current_age+B9 -> 0 | D9: {=_xlfn.XLOOKUP(_xlfn.FLOOR.MATH(C9),'Mortality Tables'!$B$4:$B$124,_xlfn.XLOOKUP(mortality_table,'Mortality Tables'!$B$3:$G$3,'Mortality Tables'!$B$4:$G$124,0,0),0,0)} -> 0.003599 | E9: =$F$5*D9 -> 0.00029991667 | F9: =1-E9 -> 0.99970008 | G9: 1 | H9: =(1+interest_rate)^-(B9) -> 1 | I9: =IF(current_age+B9<=$C$5,G9*H9,0) -> 1
B10: =B9+$F$5 -> 0.083333333 | C10: =current_age+B10 -> 0.083333333 | D10: {=_xlfn.XLOOKUP(_xlfn.FLOOR.MATH(C10),'Mortality Tables'!$B$4:$B$124,_xlfn.XLOOKUP(mortality_table,'Mortality Tables'!$B$3:$G$3,'Mortality Tables'!$B$4:$G$124,0,0),0,0)} -> 0.003599 | E10: =$F$5*D10 -> 0.00029991667 | F10: =1-E10 -> 0.99970008 | G10: =G9*F9 -> 0.99970008 | H10: =(1+interest_rate)^-(B10) -> 0.99594241 | I10: =IF(current_age+B10<=$C$5,G10*H10,0) -> 0.99564371
B11: =B10+$F$5 -> 0.16666667 | C11: =current_age+B11 -> 0.16666667 | D11: {=_xlfn.XLOOKUP(_xlfn.FLOOR.MATH(C11),'Mortality Tables'!$B$4:$B$124,_xlfn.XLOOKUP(mortality_table,'Mortality Tables'!$B$3:$G$3,'Mortality Tables'!$B$4:$G$124,0,0),0,0)} -> 0.003599 | E11: =$F$5*D11 -> 0.00029991667 | F11: =1-E11 -> 0.99970008 | G11: =G10*F10 -> 0.99940026 | H11: =(1+interest_rate)^-(B11) -> 0.99190128 | I11: =IF(current_age+B11<=$C$5,G11*H11,0) -> 0.99130639
B12: =B11+$F$5 -> 0.25 | C12: =current_age+B12 -> 0.25 | D12: {=_xlfn.XLOOKUP(_xlfn.FLOOR.MATH(C12),'Mortality Tables'!$B$4:$B$124,_xlfn.XLOOKUP(mortality_table,'Mortality Tables'!$B$3:$G$3,'Mortality Tables'!$B$4:$G$124,0,0),0,0)} -> 0.003599 | E12: =$F$5*D12 -> 0.00029991667 | F12: =1-E12 -> 0.99970008 | G12: =G11*F11 -> 0.99910052 | H12: =(1+interest_rate)^-(B12) -> 0.98787655 | I12: =IF(current_age+B12<=$C$5,G12*H12,0) -> 0.98698797
B13: =B12+$F$5 -> 0.33333333 | C13: =current_age+B13 -> 0.33333333 | D13: {=_xlfn.XLOOKUP(_xlfn.FLOOR.MATH(C13),'Mortality Tables'!$B$4:$B$124,_xlfn.XLOOKUP(mortality_table,'Mortality Tables'!$B$3:$G$3,'Mortality Tables'!$B$4:$G$124,0,0),0,0)} -> 0.003599 | E13: =$F$5*D13 -> 0.00029991667 | F13: =1-E13 -> 0.99970008 | G13: =G12*F12 -> 0.99880087 | H13: =(1+interest_rate)^-(B13) -> 0.98386815 | I13: =IF(current_age+B13<=$C$5,G13*H13,0) -> 0.98268836
B14: =B13+$F$5 -> 0.41666667 | C14: =current_age+B14 -> 0.41666667 | D14: {=_xlfn.XLOOKUP(_xlfn.FLOOR.MATH(C14),'Mortality Tables'!$B$4:$B$124,_xlfn.XLOOKUP(mortality_table,'Mortality Tables'!$B$3:$G$3,'Mortality Tables'!$B$4:$G$124,0,0),0,0)} -> 0.003599 | E14: =$F$5*D14 -> 0.00029991667 | F14: =1-E14 -> 0.99970008 | G14: =G13*F13 -> 0.99850132 | H14: =(1+interest_rate)^-(B14) -> 0.97987601 | I14: =IF(current_age+B14<=$C$5,G14*H14,0) -> 0.97840749
B15: =B14+$F$5 -> 0.5 | C15: =current_age+B15 -> 0.5 | D15: {=_xlfn.XLOOKUP(_xlfn.FLOOR.MATH(C15),'Mortality Tables'!$B$4:$B$124,_xlfn.XLOOKUP(mortality_table,'Mortality Tables'!$B$3:$G$3,'Mortality Tables'!$B$4:$G$124,0,0),0,0)} -> 0.003599 | E15: =$F$5*D15 -> 0.00029991667 | F15: =1-E15 -> 0.99970008 | G15: =G14*F14 -> 0.99820185 | H15: =(1+interest_rate)^-(B15) -> 0.97590007 | I15: =IF(current_age+B15<=$C$5,G15*H15,0) -> 0.97414526
B16: =B15+$F$5 -> 0.58333333 | C16: =current_age+B16 -> 0.58333333 | D16: {=_xlfn.XLOOKUP(_xlfn.FLOOR.MATH(C16),'Mortality Tables'!$B$4:$B$124,_xlfn.XLOOKUP(mortality_table,'Mortality Tables'!$B$3:$G$3,'Mortality Tables'!$B$4:$G$124,0,0),0,0)} -> 0.003599 | E16: =$F$5*D16 -> 0.00029991667 | F16: =1-E16 -> 0.99970008 | G16: =G15*F15 -> 0.99790247 | H16: =(1+interest_rate)^-(B16) -> 0.97194027 | I16: =IF(current_age+B16<=$C$5,G16*H16,0) -> 0.9699016
B17: =B16+$F$5 -> 0.66666667 | C17: =current_age+B17 -> 0.66666667 | D17: {=_xlfn.XLOOKUP(_xlfn.FLOOR.MATH(C17),'Mortality Tables'!$B$4:$B$124,_xlfn.XLOOKUP(mortality_table,'Mortality Tables'!$B$3:$G$3,'Mortality Tables'!$B$4:$G$124,0,0),0,0)} -> 0.003599 | E17: =$F$5*D17 -> 0.00029991667 | F17: =1-E17 -> 0.99970008 | G17: =G16*F16 -> 0.99760318 | H17: =(1+interest_rate)^-(B17) -> 0.96799653 | I17: =IF(current_age+B17<=$C$5,G17*H17,0) -> 0.96567642
B18: =B17+$F$5 -> 0.75 | C18: =current_age+B18 -> 0.75 | D18: {=_xlfn.XLOOKUP(_xlfn.FLOOR.MATH(C18),'Mortality Tables'!$B$4:$B$124,_xlfn.XLOOKUP(mortality_table,'Mortality Tables'!$B$3:$G$3,'Mortality Tables'!$B$4:$G$124,0,0),0,0)} -> 0.003599 | E18: =$F$5*D18 -> 0.00029991667 | F18: =1-E18 -> 0.99970008 | G18: =G17*F17 -> 0.99730399 | H18: =(1+interest_rate)^-(B18) -> 0.96406879 | I18: =IF(current_age+B18<=$C$5,G18*H18,0) -> 0.96146965
B19: =B18+$F$5 -> 0.83333333 | C19: =current_age+B19 -> 0.83333333 | D19: {=_xlfn.XLOOKUP(_xlfn.FLOOR.MATH(C19),'Mortality Tables'!$B$4:$B$124,_xlfn.XLOOKUP(mortality_table,'Mortality Tables'!$B$3:$G$3,'Mortality Tables'!$B$4:$G$124,0,0),0,0)} -> 0.003599 | E19: =$F$5*D19 -> 0.00029991667 | F19: =1-E19 -> 0.99970008 | G19: =G18*F18 -> 0.99700488 | H19: =(1+interest_rate)^-(B19) -> 0.960157 | I19: =IF(current_age+B19<=$C$5,G19*H19,0) -> 0.95728121
B20: =B19+$F$5 -> 0.91666667 | C20: =current_age+B20 -> 0.91666667 | D20: {=_xlfn.XLOOKUP(_xlfn.FLOOR.MATH(C20),'Mortality Tables'!$B$4:$B$124,_xlfn.XLOOKUP(mortality_table,'Mortality Tables'!$B$3:$G$3,'Mortality Tables'!$B$4:$G$124,0,0),0,0)} -> 0.003599 | E20: =$F$5*D20 -> 0.00029991667 | F20: =1-E20 -> 0.99970008 | G20: =G19*F19 -> 0.99670586 | H20: =(1+interest_rate)^-(B20) -> 0.95626107 | I20: =IF(current_age+B20<=$C$5,G20*H20,0) -> 0.95311101
B21: =B20+$F$5 -> 1 | C21: =current_age+B21 -> 1 | D21: {=_xlfn.XLOOKUP(_xlfn.FLOOR.MATH(C21),'Mortality Tables'!$B$4:$B$124,_xlfn.XLOOKUP(mortality_table,'Mortality Tables'!$B$3:$G$3,'Mortality Tables'!$B$4:$G$124,0,0),0,0)} -> 0.00062 | E21: =$F$5*D21 -> 5.1666667e-05 | F21: =1-E21 -> 0.99994833 | G21: =G20*F20 -> 0.99640693 | H21: =(1+interest_rate)^-(B21) -> 0.95238095 | I21: =IF(current_age+B21<=$C$5,G21*H21,0) -> 0.94895898
... B1449: =B1448+$F$5 -> 120 | C1449: =current_age+B1449 -> 120 | D1449: {=_xlfn.XLOOKUP(_xlfn.FLOOR.MATH(C1449),'Mortality Tables'!$B$4:$B$124,_xlfn.XLOOKUP(mortality_table,'Mortality Tables'!$B$3:$G$3,'Mortality Tables'!$B$4:$G$124,0,0),0,0)} -> 0.817225 | E1449: =$F$5*D1449 -> 0.068102083 | F1449: =1-E1449 -> 0.93189792 | G1449: =G1448*F1448 -> 8.2512448e-08 | H1449: =(1+interest_rate)^-(B1449) -> 0.0028660523 | I1449: =IF(current_age+B1449<=$C$5,G1449*H1449,0) -> 2.3648499e-10

Sheet Benefit Annuity Calculation
B2: This sheet calculates the annuity factor for regular benefit payments instead of a single lump sum.
B3: VALUES | H3: OUTPUTS
B4: Lump sum assured | C4: =sum_assured -> 100000 | E4: Annual eff. interest rate | F4: =interest_rate -> 0.05 | H4: Equivalent m-thly interest rate | I4: =(1+$F$4)^(1/$C$5)-1 -> #DIV/0!
B5: Frequency (per year) | C5: =_xlfn.XLOOKUP(benefit_frequency,Frequencies[frequency],Frequencies[periods per year],,0) -> 0 | E5: Benefit payment term (yrs) | F5: =benefit_payment_duration -> 5 | H5: Annuity-due factor | I5: =(1-(1+$I$4)^-($F$5*$C$5))/($I$4/(1+$I$4)) -> #DIV/0!
